type;id;sku;name;unit;quantity
P;P-001;SKU-001;Цемент М400 25кг;шт;120
P;P-002;SKU-002;Пісок будівельний;т;18
P;P-003;SKU-003;Цегла червона;шт;4200
W;W-001;Центральний склад;Львів
W;W-002;Склад №2;Львів
P;P-004;SKU-004;Фарба водоемульсійна 10л;шт;36
P;P-005;SKU-005;Шпаклівка фінішна;кг;250
P;P-006;SKU-006;Профіль CD-60;м;800
P;P-007;SKU-007;Саморізи 3.5x25;уп;140
P;P-008;SKU-008;Грунтовка глибокого проникнення;л;60
P;P-009;SKU-009;Плитка керамічна;м2;310
P;P-010;SKU-010;Клей плитковий;кг;540
P;P-011;SKU-011;Гіпсокартон 12.5мм;лист
P;P-012;SKU-012;Стрічка армуюча;м;багато
P;P-013;;Без артикулу;шт;10
W;W-004;Центральний склад